USE `i-garden`;

INSERT INTO `rusticite` (`code_rusticite`, `temp_min`, `temp_max`) 
VALUES 
('1', -99, -45),
('2', -45, -40),
('3', -40, -34),
('4', -34, -29),
('5', -29, -23),
('6', -23, -18),
('7', -18, -12),
('8', -12, -7),
('8a', -12.2, -9.4),
('8b', -9.4, -6.7),
('9', -7, -1),
('9a', -6.7, -3.9),
('9b', -3.9, -1.1),
('10', -1, 4),
('11', 4, 50);

INSERT INTO `famille` (`id_famille`, `id_famille_parente`, `nom_famille`) 
VALUES
(1, NULL, 'Acanthaceae'),
(2, NULL, 'Achariaceae'),
(3, NULL, 'Achatocarpaceae'),
(4, NULL, 'Acoraceae'),
(5, NULL, 'Acrobolbaceae'),
(6, NULL, 'Actinidiaceae'),
(7, NULL, 'Adelanthaceae'),
(8, NULL, 'Adiantaceae'),
(9, NULL, 'Adoxaceae'),
(10, NULL, 'Aextoxicaceae'),
(11, NULL, 'Aizoaceae'),
(12, NULL, 'Akaniaceae'),
(13, NULL, 'Alismataceae'),
(14, NULL, 'Allisoniaceae'),
(15, NULL, 'Alseuosmiaceae'),
(16, NULL, 'Alstroemeriaceae'),
(17, NULL, 'Altingiaceae'),
(18, NULL, 'Alzateaceae'),
(19, NULL, 'Amaranthaceae'),
(20, NULL, 'Amaryllidaceae'),
(21, NULL, 'Amblystegiaceae'),
(22, NULL, 'Amborellaceae'),
(23, NULL, 'Anacardiaceae'),
(24, NULL, 'Anarthriaceae'),
(25, NULL, 'Anastrophyllaceae'),
(26, NULL, 'Ancistrocladaceae'),
(27, NULL, 'Andreaeaceae'),
(28, NULL, 'Aneuraceae'),
(29, NULL, 'Anisophylleaceae'),
(30, NULL, 'Annonaceae'),
(31, NULL, 'Antheliaceae'),
(32, NULL, 'Anthocerotaceae'),
(33, NULL, 'Aphanopetalaceae'),
(34, NULL, 'Aphloiaceae'),
(35, NULL, 'Apiaceae'),
(36, NULL, 'Apocynaceae'),
(37, NULL, 'Apodanthaceae'),
(38, NULL, 'Aponogetonaceae'),
(39, NULL, 'Aquifoliaceae'),
(40, NULL, 'Araceae'),
(41, NULL, 'Araliaceae'),
(42, NULL, 'Araucariaceae'),
(43, NULL, 'Archidiaceae'),
(44, NULL, 'Arecaceae'),
(45, NULL, 'Argophyllaceae'),
(46, NULL, 'Aristolochiaceae'),
(47, NULL, 'Arnelliaceae'),
(48, NULL, 'Asparagaceae'),
(49, NULL, 'Aspleniaceae'),
(50, NULL, 'Asteliaceae'),
(51, NULL, 'Asteraceae'),
(52, NULL, 'Asteropeiaceae'),
(53, NULL, 'Atherospermataceae'),
(54, NULL, 'Aulacomniaceae'),
(55, NULL, 'Austrobaileyaceae'),
(56, NULL, 'Aytoniaceae'),
(57, NULL, 'Balanopaceae'),
(58, NULL, 'Balanophoraceae'),
(59, NULL, 'Balantiopsaceae'),
(60, NULL, 'Balsaminaceae'),
(61, NULL, 'Barbeuiaceae'),
(62, NULL, 'Barbeyaceae'),
(63, NULL, 'Bartramiaceae'),
(64, NULL, 'Basellaceae'),
(65, NULL, 'Bataceae'),
(66, NULL, 'Begoniaceae'),
(67, NULL, 'Berberidaceae'),
(68, NULL, 'Berberidopsidaceae'),
(69, NULL, 'Betulaceae'),
(70, NULL, 'Biebersteiniaceae'),
(71, NULL, 'Bignoniaceae'),
(72, NULL, 'Bixaceae'),
(73, NULL, 'Blandfordiaceae'),
(74, NULL, 'Blechnaceae'),
(75, NULL, 'Bonnetiaceae'),
(76, NULL, 'Boraginaceae'),
(77, NULL, 'Boryaceae'),
(78, NULL, 'Boweniaceae'),
(79, NULL, 'Brachytheciaceae'),
(80, NULL, 'Brassicaceae'),
(81, NULL, 'Brevianthaceae'),
(82, NULL, 'Bromeliaceae'),
(83, NULL, 'Bruchiaceae'),
(84, NULL, 'Brunelliaceae'),
(85, NULL, 'Bruniaceae'),
(86, NULL, 'Bryaceae'),
(87, NULL, 'Bryobartramiaceae'),
(88, NULL, 'Bryoxiphiaceae'),
(89, NULL, 'Burmanniaceae'),
(90, NULL, 'Burseraceae'),
(91, NULL, 'Butomaceae'),
(92, NULL, 'Buxaceae'),
(93, NULL, 'Buxbaumiaceae'),
(94, NULL, 'Byblidaceae'),
(95, NULL, 'Cabombaceae'),
(96, NULL, 'Cactaceae'),
(97, NULL, 'Calceolariaceae'),
(98, NULL, 'Calomniaceae'),
(99, NULL, 'Calophyllaceae'),
(100, NULL, 'Calycanthaceae'),
(101, NULL, 'Calyceraceae'),
(102, NULL, 'Calymperaceae'),
(103, NULL, 'Calypogeiaceae'),
(104, NULL, 'Campanulaceae'),
(105, NULL, 'Campyneumataceae'),
(106, NULL, 'Canellaceae'),
(107, NULL, 'Cannabaceae'),
(108, NULL, 'Cannaceae'),
(109, NULL, 'Capparaceae'),
(110, NULL, 'Caprifoliaceae'),
(111, NULL, 'Cardiopteridaceae'),
(112, NULL, 'Caricaceae'),
(113, NULL, 'Carlemanniaceae'),
(114, NULL, 'Caryocaraceae'),
(115, NULL, 'Caryophyllaceae'),
(116, NULL, 'Casuarinaceae'),
(117, NULL, 'Catagoniaceae'),
(118, NULL, 'Catoscopiaceae'),
(119, NULL, 'Celastraceae'),
(120, NULL, 'Centrolepidaceae'),
(121, NULL, 'Centroplacaceae'),
(122, NULL, 'Cephalotaceae'),
(123, NULL, 'Cephalotaxaceae'),
(124, NULL, 'Cephaloziaceae'),
(125, NULL, 'Cephaloziellaceae'),
(126, NULL, 'Ceratophyllaceae'),
(127, NULL, 'Cercidiphyllaceae'),
(128, NULL, 'Chaetophyllopsaceae'),
(129, NULL, 'Chloranthaceae'),
(130, NULL, 'Chonecoleaceae'),
(131, NULL, 'Chrysobalanaceae'),
(132, NULL, 'Cinclidotaceae'),
(133, NULL, 'Circaeasteraceae'),
(134, NULL, 'Cistaceae'),
(135, NULL, 'Cleomaceae'),
(136, NULL, 'Clethraceae'),
(137, NULL, 'Cleveaceae'),
(138, NULL, 'Climaciaceae'),
(139, NULL, 'Clusiaceae'),
(140, NULL, 'Colchicaceae'),
(141, NULL, 'Columelliaceae'),
(142, NULL, 'Combretaceae'),
(143, NULL, 'Commelinaceae'),
(144, NULL, 'Compositae'),
(145, NULL, 'Connaraceae'),
(146, NULL, 'Conocephalaceae'),
(147, NULL, 'Convolvulaceae'),
(148, NULL, 'Coriariaceae'),
(149, NULL, 'Cornaceae'),
(150, NULL, 'Corsiaceae'),
(151, NULL, 'Corsiniaceae'),
(152, NULL, 'Corynocarpaceae'),
(153, NULL, 'Costaceae'),
(154, NULL, 'Crassulaceae'),
(155, NULL, 'Crossosomataceae'),
(156, NULL, 'Cryphaeaceae'),
(157, NULL, 'Crypteroniaceae'),
(158, NULL, 'Ctenolophonaceae'),
(159, NULL, 'Cucurbitaceae'),
(160, NULL, 'Cunoniaceae'),
(161, NULL, 'Cupressaceae'),
(162, NULL, 'Curtisiaceae'),
(163, NULL, 'Cyatheaceae'),
(164, NULL, 'Cycadaceae'),
(165, NULL, 'Cyclanthaceae'),
(166, NULL, 'Cymodoceaceae'),
(167, NULL, 'Cynomoriaceae'),
(168, NULL, 'Cyperaceae'),
(169, NULL, 'Cyrillaceae'),
(170, NULL, 'Cyrtopodaceae'),
(171, NULL, 'Cytinaceae'),
(172, NULL, 'Daltoniaceae'),
(173, NULL, 'Daphniphyllaceae'),
(174, NULL, 'Dasypogonaceae'),
(175, NULL, 'Datiscaceae'),
(176, NULL, 'Davalliaceae'),
(177, NULL, 'Degeneriaceae'),
(178, NULL, 'Dendrocerotaceae'),
(179, NULL, 'Dennstaedtiaceae'),
(180, NULL, 'Diapensiaceae'),
(181, NULL, 'Dichapetalaceae'),
(182, NULL, 'Dicksoniaceae'),
(183, NULL, 'Dicnemonaceae'),
(184, NULL, 'Dicranaceae'),
(185, NULL, 'Didiereaceae'),
(186, NULL, 'Dilleniaceae'),
(187, NULL, 'Dioncophyllaceae'),
(188, NULL, 'Dioscoreaceae'),
(189, NULL, 'Dipentodontaceae'),
(190, NULL, 'Dipteridaceae'),
(191, NULL, 'Dipterocarpaceae'),
(192, NULL, 'Dirachmaceae'),
(193, NULL, 'Disceliaceae'),
(194, NULL, 'Ditrichaceae'),
(195, NULL, 'Doryanthaceae'),
(196, NULL, 'Droseraceae'),
(197, NULL, 'Drosophyllaceae'),
(198, NULL, 'Dryopteridaceae'),
(199, NULL, 'Ebenaceae'),
(200, NULL, 'Ecdeiocoleaceae'),
(201, NULL, 'Echinodiaceae'),
(202, NULL, 'Elaeagnaceae'),
(203, NULL, 'Elaeocarpaceae'),
(204, NULL, 'Elatinaceae'),
(205, NULL, 'Emblingiaceae'),
(206, NULL, 'Encalyptaceae'),
(207, NULL, 'Entodontaceae'),
(208, NULL, 'Ephedraceae'),
(209, NULL, 'Ephemeraceae'),
(210, NULL, 'Equisetaceae'),
(211, NULL, 'Ericaceae'),
(212, NULL, 'Eriocaulaceae'),
(213, NULL, 'Erpodiaceae'),
(214, NULL, 'Erythroxylaceae'),
(215, NULL, 'Escalloniaceae'),
(216, NULL, 'Eucommiaceae'),
(217, NULL, 'Euphorbiaceae'),
(218, NULL, 'Euphroniaceae'),
(219, NULL, 'Eupomatiaceae'),
(220, NULL, 'Eupteleaceae'),
(221, NULL, 'Eustichiaceae'),
(222, NULL, 'Exormothecaceae'),
(223, NULL, 'Fabroniaceae'),
(224, NULL, 'Fabaceae'),
(225, NULL, 'Fagaceae'),
(226, NULL, 'Fissidentaceae'),
(227, NULL, 'Flagellariaceae'),
(228, NULL, 'Fontinalaceae'),
(229, NULL, 'Fontinaliaceae'),
(230, NULL, 'Fossombroniaceae'),
(231, NULL, 'Fouquieriaceae'),
(232, NULL, 'Frankeniaceae'),
(233, NULL, 'Funariaceae'),
(234, NULL, 'Garryaceae'),
(235, NULL, 'Geissolomataceae'),
(236, NULL, 'Gelsemiaceae'),
(237, NULL, 'Gentianaceae'),
(238, NULL, 'Geocalycaceae'),
(239, NULL, 'Geraniaceae'),
(240, NULL, 'Gesneriaceae'),
(241, NULL, 'Gigaspermaceae'),
(242, NULL, 'Ginkgoaceae'),
(243, NULL, 'Gisekiaceae'),
(244, NULL, 'Gleicheniaceae'),
(245, NULL, 'Gnetaceae'),
(246, NULL, 'Goebeliellaceae'),
(247, NULL, 'Gomortegaceae'),
(248, NULL, 'Goodeniaceae'),
(249, NULL, 'Goupiaceae'),
(250, NULL, 'Grammitidaceae'),
(251, NULL, 'Grimmiaceae'),
(252, NULL, 'Griseliniaceae'),
(253, NULL, 'Grossulariaceae'),
(254, NULL, 'Grubbiaceae'),
(255, NULL, 'Gunneraceae'),
(256, NULL, 'Gymnomitriaceae'),
(257, NULL, 'Gyrostemonaceae'),
(258, NULL, 'Haemodoraceae'),
(259, NULL, 'Halophytaceae'),
(260, NULL, 'Haloragaceae'),
(261, NULL, 'Hamamelidaceae'),
(262, NULL, 'Hanguanaceae'),
(263, NULL, 'Haplomitriaceae'),
(264, NULL, 'Haptanthaceae'),
(265, NULL, 'Hedwigiaceae'),
(266, NULL, 'Heliconiaceae'),
(267, NULL, 'Helicophyllaceae'),
(268, NULL, 'Helwingiaceae'),
(269, NULL, 'Herbertaceae'),
(270, NULL, 'Hernandiaceae'),
(271, NULL, 'Himantandraceae'),
(272, NULL, 'Hookeriaceae'),
(273, NULL, 'Huaceae'),
(274, NULL, 'Humiriaceae'),
(275, NULL, 'Hydatellaceae'),
(276, NULL, 'Hydnoraceae'),
(277, NULL, 'Hydrangeaceae'),
(278, NULL, 'Hydrocharitaceae'),
(279, NULL, 'Hydroleaceae'),
(280, NULL, 'Hydrostachyaceae'),
(281, NULL, 'Hylocomiaceae'),
(282, NULL, 'Hymenophyllaceae'),
(283, NULL, 'Hymenophyllopsidaceae'),
(284, NULL, 'Hymenophytaceae'),
(285, NULL, 'Hypericaceae'),
(286, NULL, 'Hypnaceae'),
(287, NULL, 'Hypnodendraceae'),
(288, NULL, 'Hypopterygiaceae'),
(289, NULL, 'Hypoxidaceae'),
(290, NULL, 'Icacinaceae'),
(291, NULL, 'Iridaceae'),
(292, NULL, 'Irvingiaceae'),
(293, NULL, 'Isoetaceae'),
(294, NULL, 'Iteaceae'),
(295, NULL, 'Ixioliriaceae'),
(296, NULL, 'Ixonanthaceae'),
(297, NULL, 'Jackiellaceae'),
(298, NULL, 'Joinvilleaceae'),
(299, NULL, 'Jubulaceae'),
(300, NULL, 'Jubulopsaceae'),
(301, NULL, 'Juglandaceae'),
(302, NULL, 'Juncaceae'),
(303, NULL, 'Juncaginaceae'),
(304, NULL, 'Jungermanniaceae'),
(305, NULL, 'Kirkiaceae'),
(306, NULL, 'Koeberliniaceae'),
(307, NULL, 'Krameriaceae'),
(308, NULL, 'Lacistemataceae'),
(309, NULL, 'Lactoridaceae'),
(310, NULL, 'Lamiaceae'),
(311, NULL, 'Lanariaceae'),
(312, NULL, 'Lardizabalaceae'),
(313, NULL, 'Lauraceae'),
(314, NULL, 'Lecythidaceae'),
(315, NULL, 'Leguminosae'),
(316, NULL, 'Lejeuneaceae'),
(317, NULL, 'Lembophyllaceae'),
(318, NULL, 'Lentibulariaceae'),
(319, NULL, 'Lepicoleaceae'),
(320, NULL, 'Lepidobotryaceae'),
(321, NULL, 'Lepidolaenaceae'),
(322, NULL, 'Lepidoziaceae'),
(323, NULL, 'Leptodontaceae'),
(324, NULL, 'Lepyrodontaceae'),
(325, NULL, 'Leskeaceae'),
(326, NULL, 'Leucodontaceae'),
(327, NULL, 'Leucomiaceae'),
(328, NULL, 'Liliaceae'),
(329, NULL, 'Limeaceae'),
(330, NULL, 'Limnanthaceae'),
(331, NULL, 'Linaceae'),
(332, NULL, 'Linderniaceae'),
(333, NULL, 'Loasaceae'),
(334, NULL, 'Loganiaceae'),
(335, NULL, 'Lomariopsidaceae'),
(336, NULL, 'Lophiocarpaceae'),
(337, NULL, 'Lophocoleaceae'),
(338, NULL, 'Lophoziaceae'),
(339, NULL, 'Loranthaceae'),
(340, NULL, 'Lowiaceae'),
(341, NULL, 'Loxsomataceae'),
(342, NULL, 'Lunulariaceae'),
(343, NULL, 'Lycopodiaceae'),
(344, NULL, 'Lythraceae'),
(345, NULL, 'Magnoliaceae'),
(346, NULL, 'Makinoaceae'),
(347, NULL, 'Malpighiaceae'),
(348, NULL, 'Malvaceae'),
(349, NULL, 'Marantaceae'),
(350, NULL, 'Marattiaceae'),
(351, NULL, 'Marcgraviaceae'),
(352, NULL, 'Marchantiaceae'),
(353, NULL, 'Marsileaceae'),
(354, NULL, 'Martyniaceae'),
(355, NULL, 'Mastigophoraceae'),
(356, NULL, 'Matoniaceae'),
(357, NULL, 'Mayacaceae'),
(358, NULL, 'Meesiaceae'),
(359, NULL, 'Melanthiaceae'),
(360, NULL, 'Melastomataceae'),
(361, NULL, 'Meliaceae'),
(362, NULL, 'Melianthaceae'),
(363, NULL, 'Menispermaceae'),
(364, NULL, 'Menyanthaceae'),
(365, NULL, 'Mesoptychiaceae'),
(366, NULL, 'Metaxyaceae'),
(367, NULL, 'Meteoriaceae'),
(368, NULL, 'Metteniusaceae'),
(369, NULL, 'Metzgeriaceae'),
(370, NULL, 'Misodendraceae'),
(371, NULL, 'Mitrastemonaceae'),
(372, NULL, 'Mitteniaceae'),
(373, NULL, 'Mniaceae'),
(374, NULL, 'Molluginaceae'),
(375, NULL, 'Monimiaceae'),
(376, NULL, 'Monocarpaceae'),
(377, NULL, 'Montiaceae'),
(378, NULL, 'Montiniaceae'),
(379, NULL, 'Moraceae'),
(380, NULL, 'Moringaceae'),
(381, NULL, 'Muntingiaceae'),
(382, NULL, 'Musaceae'),
(383, NULL, 'Myliaceae'),
(384, NULL, 'Myodocarpaceae'),
(385, NULL, 'Myricaceae'),
(386, NULL, 'Myriniaceae'),
(387, NULL, 'Myristicaceae'),
(388, NULL, 'Myrothamnaceae'),
(389, NULL, 'Myrtaceae'),
(390, NULL, 'Myuriaceae'),
(391, NULL, 'Nartheciaceae'),
(392, NULL, 'Neckeraceae'),
(393, NULL, 'Nelumbonaceae'),
(394, NULL, 'Neotrichocoleaceae'),
(395, NULL, 'Nepenthaceae'),
(396, NULL, 'Neuradaceae'),
(397, NULL, 'Nitrariaceae'),
(398, NULL, 'Nothofagaceae'),
(399, NULL, 'Notothyladaceae'),
(400, NULL, 'Nyctaginaceae'),
(401, NULL, 'Nymphaeaceae'),
(402, NULL, 'Ochnaceae'),
(403, NULL, 'Octoblepharaceae'),
(404, NULL, 'Oedipodiaceae'),
(405, NULL, 'Olacaceae'),
(406, NULL, 'Oleaceae'),
(407, NULL, 'Oleandraceae'),
(408, NULL, 'Onagraceae'),
(409, NULL, 'Oncothecaceae'),
(410, NULL, 'Ophioglossaceae'),
(411, NULL, 'Opiliaceae'),
(412, NULL, 'Orchidaceae'),
(413, NULL, 'Orobanchaceae'),
(414, NULL, 'Orthorrhynchiaceae'),
(415, NULL, 'Orthotrichaceae'),
(416, NULL, 'Osmundaceae'),
(417, NULL, 'Oxalidaceae'),
(418, NULL, 'Oxymitraceae'),
(419, NULL, 'Paeoniaceae'),
(420, NULL, 'Pallaviciniaceae'),
(421, NULL, 'Pandaceae'),
(422, NULL, 'Pandanaceae'),
(423, NULL, 'Papaveraceae'),
(424, NULL, 'Paracryphiaceae'),
(425, NULL, 'Passifloraceae'),
(426, NULL, 'Paulowniaceae'),
(427, NULL, 'Pedaliaceae'),
(428, NULL, 'Pelliaceae'),
(429, NULL, 'Penaeaceae'),
(430, NULL, 'Pentadiplandraceae'),
(431, NULL, 'Pentaphragmataceae'),
(432, NULL, 'Pentaphylacaceae'),
(433, NULL, 'Penthoraceae'),
(434, NULL, 'Peraceae'),
(435, NULL, 'Peridiscaceae'),
(436, NULL, 'Petermanniaceae'),
(437, NULL, 'Petrosaviaceae'),
(438, NULL, 'Philesiaceae'),
(439, NULL, 'Philydraceae'),
(440, NULL, 'Phrymaceae'),
(441, NULL, 'Phyllanthaceae'),
(442, NULL, 'Phyllodrepaniaceae'),
(443, NULL, 'Phyllogoniaceae'),
(444, NULL, 'Phyllonomaceae'),
(445, NULL, 'Physenaceae'),
(446, NULL, 'Phytolaccaceae'),
(447, NULL, 'Picramniaceae'),
(448, NULL, 'Picrodendraceae'),
(449, NULL, 'Pilotrichaceae'),
(450, NULL, 'Pinaceae'),
(451, NULL, 'Piperaceae'),
(452, NULL, 'Pittosporaceae'),
(453, NULL, 'Plagiochilaceae'),
(454, NULL, 'Plagiogyriaceae'),
(455, NULL, 'Plagiotheciaceae'),
(456, NULL, 'Plantaginaceae'),
(457, NULL, 'Platanaceae'),
(458, NULL, 'Pleuroziaceae'),
(459, NULL, 'Pleuroziopsaceae'),
(460, NULL, 'Plocospermataceae'),
(461, NULL, 'Plumbaginaceae'),
(462, NULL, 'Poaceae'),
(463, NULL, 'Podocarpaceae'),
(464, NULL, 'Podostemaceae'),
(465, NULL, 'Polemoniaceae'),
(466, NULL, 'Polygalaceae'),
(467, NULL, 'Polygonaceae'),
(468, NULL, 'Polypodiaceae'),
(469, NULL, 'Polytrichaceae'),
(470, NULL, 'Pontederiaceae'),
(471, NULL, 'Porellaceae'),
(472, NULL, 'Portulacaceae'),
(473, NULL, 'Posidoniaceae'),
(474, NULL, 'Potamogetonaceae'),
(475, NULL, 'Pottiaceae'),
(476, NULL, 'Primulaceae'),
(477, NULL, 'Prionodontaceae'),
(478, NULL, 'Proteaceae'),
(479, NULL, 'Pseudolepicoleaceae'),
(480, NULL, 'Psilotaceae'),
(481, NULL, 'Pteridaceae'),
(482, NULL, 'Pterigynandraceae'),
(483, NULL, 'Pterobryaceae'),
(484, NULL, 'Ptilidiaceae'),
(485, NULL, 'Ptychomitriaceae'),
(486, NULL, 'Ptychomniaceae'),
(487, NULL, 'Putranjivaceae'),
(488, NULL, 'Quillajaceae'),
(489, NULL, 'Racopilaceae'),
(490, NULL, 'Radulaceae'),
(491, NULL, 'Rafflesiaceae'),
(492, NULL, 'Ranunculaceae'),
(493, NULL, 'Rapateaceae'),
(494, NULL, 'Regmatodontaceae'),
(495, NULL, 'Resedaceae'),
(496, NULL, 'Restionaceae'),
(497, NULL, 'Rhabdodendraceae'),
(498, NULL, 'Rhabdoweisiaceae'),
(499, NULL, 'Rhachitheciaceae'),
(500, NULL, 'Rhacocarpaceae'),
(501, NULL, 'Rhamnaceae'),
(502, NULL, 'Rhipogonaceae'),
(503, NULL, 'Rhizogoniaceae'),
(504, NULL, 'Rhizophoraceae'),
(505, NULL, 'Ricciaceae'),
(506, NULL, 'Riellaceae'),
(507, NULL, 'Rigodiaceae'),
(508, NULL, 'Roridulaceae'),
(509, NULL, 'Rosaceae'),
(510, NULL, 'Rousseaceae'),
(511, NULL, 'Rubiaceae'),
(512, NULL, 'Ruppiaceae'),
(513, NULL, 'Rutaceae'),
(514, NULL, 'Rutenbergiaceae'),
(515, NULL, 'Sabiaceae'),
(516, NULL, 'Salicaceae'),
(517, NULL, 'Salvadoraceae'),
(518, NULL, 'Salviniaceae'),
(519, NULL, 'Santalaceae'),
(520, NULL, 'Sapindaceae'),
(521, NULL, 'Sapotaceae'),
(522, NULL, 'Sarcobataceae'),
(523, NULL, 'Sarcolaenaceae'),
(524, NULL, 'Sarraceniaceae'),
(525, NULL, 'Saururaceae'),
(526, NULL, 'Saxifragaceae'),
(527, NULL, 'Scapaniaceae'),
(528, NULL, 'Scheuchzeriaceae'),
(529, NULL, 'Schisandraceae'),
(530, NULL, 'Schistochilaceae'),
(531, NULL, 'Schistostegaceae'),
(532, NULL, 'Schizaeaceae'),
(533, NULL, 'Schlegeliaceae'),
(534, NULL, 'Schoepfiaceae'),
(535, NULL, 'Scorpidiaceae'),
(536, NULL, 'Scrophulariaceae'),
(537, NULL, 'Selaginellaceae'),
(538, NULL, 'Seligeriaceae'),
(539, NULL, 'Sematophyllaceae'),
(540, NULL, 'Serpotortellaceae'),
(541, NULL, 'Setchellanthaceae'),
(542, NULL, 'Simaroubaceae'),
(543, NULL, 'Simmondsiaceae'),
(544, NULL, 'Siparunaceae'),
(545, NULL, 'Sladeniaceae'),
(546, NULL, 'Smilacaceae'),
(547, NULL, 'Solanaceae'),
(548, NULL, 'Sphaerosepalaceae'),
(549, NULL, 'Sphagnaceae'),
(550, NULL, 'Sphenocleaceae'),
(551, NULL, 'Spiridentaceae'),
(552, NULL, 'Splachnaceae'),
(553, NULL, 'Splachnobryaceae'),
(554, NULL, 'Stachyuraceae'),
(555, NULL, 'Staphyleaceae'),
(556, NULL, 'Stegnospermataceae'),
(557, NULL, 'Stemonaceae'),
(558, NULL, 'Stemonuraceae'),
(559, NULL, 'Stereophyllaceae'),
(560, NULL, 'Stilbaceae'),
(561, NULL, 'Strasburgeriaceae'),
(562, NULL, 'Strelitziaceae'),
(563, NULL, 'Stylidiaceae'),
(564, NULL, 'Styracaceae'),
(565, NULL, 'Surianaceae'),
(566, NULL, 'Symplocaceae'),
(567, NULL, 'Takakiaceae'),
(568, NULL, 'Talinaceae'),
(569, NULL, 'Tamaricaceae'),
(570, NULL, 'Tapisciaceae'),
(571, NULL, 'Targioniaceae'),
(572, NULL, 'Taxaceae'),
(573, NULL, 'Taxodiaceae'),
(574, NULL, 'Tecophilaeaceae'),
(575, NULL, 'Tetrachondraceae'),
(576, NULL, 'Tetramelaceae'),
(577, NULL, 'Tetrameristaceae'),
(578, NULL, 'Tetraphidaceae'),
(579, NULL, 'Thamnobryaceae'),
(580, NULL, 'Theaceae'),
(581, NULL, 'Theliaceae'),
(582, NULL, 'Thelypteridaceae'),
(583, NULL, 'Thomandersiaceae'),
(584, NULL, 'Thuidiaceae'),
(585, NULL, 'Thurniaceae'),
(586, NULL, 'Thymelaeaceae'),
(587, NULL, 'Ticodendraceae'),
(588, NULL, 'Timmiaceae'),
(589, NULL, 'Tofieldiaceae'),
(590, NULL, 'Torricelliaceae'),
(591, NULL, 'Tovariaceae'),
(592, NULL, 'Trachypodaceae'),
(593, NULL, 'Treubiaceae'),
(594, NULL, 'Trichocoleaceae'),
(595, NULL, 'Trigoniaceae'),
(596, NULL, 'Triuridaceae'),
(597, NULL, 'Trochodendraceae'),
(598, NULL, 'Tropaeolaceae'),
(599, NULL, 'Typhaceae'),
(600, NULL, 'Ulmaceae'),
(601, NULL, 'Urticaceae'),
(602, NULL, 'Vahliaceae'),
(603, NULL, 'Velloziaceae'),
(604, NULL, 'Verbenaceae'),
(605, NULL, 'Vetaformaceae'),
(606, NULL, 'Violaceae'),
(607, NULL, 'Vitaceae'),
(608, NULL, 'Vittariaceae'),
(609, NULL, 'Vivianiaceae'),
(610, NULL, 'Vochysiaceae'),
(611, NULL, 'Wardiaceae'),
(612, NULL, 'Welwitschiaceae'),
(613, NULL, 'Wiesnerellaceae'),
(614, NULL, 'Winteraceae'),
(615, NULL, 'Woodsiaceae'),
(616, NULL, 'Xanthorrhoeaceae'),
(617, NULL, 'Xeronemataceae'),
(618, NULL, 'Xyridaceae'),
(619, NULL, 'Zamiaceae'),
(620, NULL, 'Zingiberaceae'),
(621, NULL, 'Zosteraceae'),
(622, NULL, 'Zygophyllaceae');

INSERT INTO `graine` (`id_famille`, `nom`, `nom_latin`, `classification`, `hauteur_max`, `photo`, `icone`, `description`)
VALUES
(1, 'graine 1', 'grenus latinus 1', 'Vivace', 5, 'https://picsum.photos/200/300', 'https://picsum.photos/200/300', 'description stylée'),
(1, 'graine 2', 'grenus latinus 2', 'Vivace', 6, 'https://picsum.photos/200/300', 'https://picsum.photos/200/300', null),
(2, 'graine 3', 'grenus latinus 3', 'Vivace', 7, 'https://picsum.photos/200/300', 'https://picsum.photos/200/300', null),
(3, 'graine 4', 'grenus latinus 4', 'Vivace', 8, 'https://picsum.photos/200/300', 'https://picsum.photos/200/300', 'description stylée'),
(4, 'graine 5', 'grenus latinus 5', 'Annuelle', 9, 'https://picsum.photos/200/300', 'https://picsum.photos/200/300', null),
(4, 'graine 6', 'grenus latinus 6', 'Annuelle', 10, 'https://picsum.photos/200/300', 'https://picsum.photos/200/300', 'description stylée'),
(6, 'graine 7', 'grenus latinus 7', 'Annuelle', 11, null, 'https://picsum.photos/200/300', null),
(7, 'graine 8', 'grenus latinus 8', 'Annuelle', 12 , null, 'https://picsum.photos/200/300', null),
(8, 'graine 9', 'grenus latinus 9', 'Bisannuelle', 13 , null, 'https://picsum.photos/200/300', null),
(9, 'graine 10', 'grenus latinus 10', 'Bisannuelle', 14, null, 'https://picsum.photos/200/300', 'description stylée'),
(10, 'graine 11', 'grenus latinus 11', 'Vivace', 15, null, null, null),
(11, 'graine 12', 'grenus latinus 12', 'Vivace', 16, null, null, null),
(11, 'graine 13', 'grenus latinus 13', 'Vivace', 17, 'https://picsum.photos/200/300', null, null),
(13, 'graine 14', 'grenus latinus 14', 'Vivace', 18, 'https://picsum.photos/200/300', null, 'description stylée');

INSERT INTO `utilisateur` (`pseudo`, `mail`, `mot_de_passe`)
VALUES 
('Orane' , 'mail.@gmail.com', '123'),
('Mickaëlle' , 'mail.@gmail.com', '123'),
('Pseudo' , 'mail.@gmail.com', '123');

INSERT INTO `jardin` (`id_rusticite`, `nom_jardin`, `code_postal`)
VALUES
(7, 'jardin 1', 35730),
(8, 'jardin 2', 35420);

INSERT INTO `etat` (`nom`)
VALUES
('assoifée'),
('malade');

INSERT INTO `caracteristique` (`nom`, `type_sol`, `description`)
VALUES
('sous-serre', 'humide', null),
('hors-sol', 'sec', null),
('aquaponique', 'humide', null),
('argilo-calcaire', 'argileux', null);

INSERT INTO `cycle_vegetatif` (`nom`)
VALUES 
('germination'),
( 'croissance'),
('floraison'),
('fructification'),
('mort');

INSERT INTO `zone` (`id_jardin_zone`, `id_caracteristique`, `id_rusticite_zone`, `nom`)
VALUES
(1, 1, 10, 'ma zone aromatique'),
(1, 2, 6, 'les légumes racines'),
(1, 3, 8, 'les légumes feuille'),
(2, 4, null, 'les vieux légumes'),
(2, 1, null, 'les petits fruits');

INSERT INTO `jardin_utilisateur` (`id_utilisateur`, `id_jardin`)
VALUES
(1, 1),
(2, 1),
(3, 2);

INSERT INTO `plante` (`id_graine`, `id_jardin_pousser`, `id_zone`, `id_cycle_vegetatif`, `date_semis`, `date_repiquage`, `date_floraison`, `date_recolte`, `quantite_recolte`)
VALUES
(1, 1, null, 1, null, null, null, null, null),
(2, 1, null, 2, null, null, null, null, null),
(3, 1, 1, 3, null, null, null, null, null),
(4, 1, 2, 3, null, null, null, null, null),
(5, 1, 3, 4, null, null, null, null, null),
(6, 2, null, 5, null, null, null, null, null),
(7, 2, null, 1, null, null, null, null, null),
(8, 2, null, 2, null, null, null, null, null);

INSERT INTO `etat_plante` (`id_plante`, `id_etat`, `date`, `status`)
VALUES
(1, 1, '2022-05-12', 'Traité'),
(1, 2, '2022-06-12', 'Actif'),
(6, 1, '2022-05-18', 'Traité'),
(3, 2, '2022-08-12', 'Passé'),
(8, 1, '2022-05-22', 'Actif'),
(2, 2, '2022-05-12', 'Traité');